INSERT INTO cargo (id, nome, salario) VALUES
(1, 'Atendente', 1800.00),
(2, 'Vendedor Junior', 2200.00),
(3, 'Vendedor Pleno', 3000.00),
(4, 'Gerente', 5000.00),
(5, 'Administrador', 7000.00);

INSERT INTO cliente (id, nome, idade, sexo, data_nascimento) VALUES
(1, 'Cliente 1', 45, 'M', '1981-02-02'),
(2, 'Cliente 2', 44, 'F', '1982-03-03'),
(3, 'Cliente 3', 43, 'M', '1983-04-04'),
(4, 'Cliente 4', 42, 'F', '1984-05-05'),
(5, 'Cliente 5', 41, 'M', '1985-06-06'),
(6, 'Cliente 6', 40, 'F', '1986-07-07'),
(7, 'Cliente 7', 39, 'M', '1987-08-08'),
(8, 'Cliente 8', 38, 'F', '1988-09-09'),
(9, 'Cliente 9', 37, 'M', '1989-10-10'),
(10, 'Cliente 10', 36, 'F', '1990-11-11'),
(11, 'Cliente 11', 35, 'M', '1991-12-12'),
(12, 'Cliente 12', 34, 'F', '1992-01-13'),
(13, 'Cliente 13', 33, 'M', '1993-02-14'),
(14, 'Cliente 14', 32, 'F', '1994-03-15'),
(15, 'Cliente 15', 31, 'M', '1995-04-16'),
(16, 'Cliente 16', 30, 'F', '1996-05-17'),
(17, 'Cliente 17', 29, 'M', '1997-06-18'),
(18, 'Cliente 18', 28, 'F', '1998-07-19'),
(19, 'Cliente 19', 27, 'M', '1999-08-20'),
(20, 'Cliente 20', 26, 'F', '2000-09-21'),
(21, 'Cliente 21', 25, 'M', '2001-10-22'),
(22, 'Cliente 22', 24, 'F', '2002-11-23'),
(23, 'Cliente 23', 23, 'M', '2003-12-24'),
(24, 'Cliente 24', 22, 'F', '2004-01-25'),
(25, 'Cliente 25', 46, 'M', '1980-02-26'),
(26, 'Cliente 26', 45, 'F', '1981-03-27'),
(27, 'Cliente 27', 44, 'M', '1982-04-01'),
(28, 'Cliente 28', 43, 'F', '1983-05-02'),
(29, 'Cliente 29', 42, 'M', '1984-06-03'),
(30, 'Cliente 30', 41, 'F', '1985-07-04'),
(31, 'Cliente 31', 40, 'M', '1986-08-05'),
(32, 'Cliente 32', 39, 'F', '1987-09-06'),
(33, 'Cliente 33', 38, 'M', '1988-10-07'),
(34, 'Cliente 34', 37, 'F', '1989-11-08'),
(35, 'Cliente 35', 36, 'M', '1990-12-09'),
(36, 'Cliente 36', 35, 'F', '1991-01-10'),
(37, 'Cliente 37', 34, 'M', '1992-02-11'),
(38, 'Cliente 38', 33, 'F', '1993-03-12'),
(39, 'Cliente 39', 32, 'M', '1994-04-13'),
(40, 'Cliente 40', 31, 'F', '1995-05-14'),
(41, 'Cliente 41', 30, 'M', '1996-06-15'),
(42, 'Cliente 42', 29, 'F', '1997-07-16'),
(43, 'Cliente 43', 28, 'M', '1998-08-17'),
(44, 'Cliente 44', 27, 'F', '1999-09-18'),
(45, 'Cliente 45', 26, 'M', '2000-10-19'),
(46, 'Cliente 46', 25, 'F', '2001-11-20'),
(47, 'Cliente 47', 24, 'M', '2002-12-21'),
(48, 'Cliente 48', 23, 'F', '2003-01-22'),
(49, 'Cliente 49', 22, 'M', '2004-02-23'),
(50, 'Cliente 50', 46, 'F', '1980-03-24'),
(51, 'Cliente 51', 45, 'M', '1981-04-25'),
(52, 'Cliente 52', 44, 'F', '1982-05-26'),
(53, 'Cliente 53', 43, 'M', '1983-06-27'),
(54, 'Cliente 54', 42, 'F', '1984-07-01'),
(55, 'Cliente 55', 41, 'M', '1985-08-02'),
(56, 'Cliente 56', 40, 'F', '1986-09-03'),
(57, 'Cliente 57', 39, 'M', '1987-10-04'),
(58, 'Cliente 58', 38, 'F', '1988-11-05'),
(59, 'Cliente 59', 37, 'M', '1989-12-06'),
(60, 'Cliente 60', 36, 'F', '1990-01-07'),
(61, 'Cliente 61', 35, 'M', '1991-02-08'),
(62, 'Cliente 62', 34, 'F', '1992-03-09'),
(63, 'Cliente 63', 33, 'M', '1993-04-10'),
(64, 'Cliente 64', 32, 'F', '1994-05-11'),
(65, 'Cliente 65', 31, 'M', '1995-06-12'),
(66, 'Cliente 66', 30, 'F', '1996-07-13'),
(67, 'Cliente 67', 29, 'M', '1997-08-14'),
(68, 'Cliente 68', 28, 'F', '1998-09-15'),
(69, 'Cliente 69', 27, 'M', '1999-10-16'),
(70, 'Cliente 70', 26, 'F', '2000-11-17'),
(71, 'Cliente 71', 25, 'M', '2001-12-18'),
(72, 'Cliente 72', 24, 'F', '2002-01-19'),
(73, 'Cliente 73', 23, 'M', '2003-02-20'),
(74, 'Cliente 74', 22, 'F', '2004-03-21'),
(75, 'Cliente 75', 46, 'M', '1980-04-22'),
(76, 'Cliente 76', 45, 'F', '1981-05-23'),
(77, 'Cliente 77', 44, 'M', '1982-06-24'),
(78, 'Cliente 78', 43, 'F', '1983-07-25'),
(79, 'Cliente 79', 42, 'M', '1984-08-26'),
(80, 'Cliente 80', 41, 'F', '1985-09-27'),
(81, 'Cliente 81', 40, 'M', '1986-10-01'),
(82, 'Cliente 82', 39, 'F', '1987-11-02'),
(83, 'Cliente 83', 38, 'M', '1988-12-03'),
(84, 'Cliente 84', 37, 'F', '1989-01-04'),
(85, 'Cliente 85', 36, 'M', '1990-02-05'),
(86, 'Cliente 86', 35, 'F', '1991-03-06'),
(87, 'Cliente 87', 34, 'M', '1992-04-07'),
(88, 'Cliente 88', 33, 'F', '1993-05-08'),
(89, 'Cliente 89', 32, 'M', '1994-06-09'),
(90, 'Cliente 90', 31, 'F', '1995-07-10'),
(91, 'Cliente 91', 30, 'M', '1996-08-11'),
(92, 'Cliente 92', 29, 'F', '1997-09-12'),
(93, 'Cliente 93', 28, 'M', '1998-10-13'),
(94, 'Cliente 94', 27, 'F', '1999-11-14'),
(95, 'Cliente 95', 26, 'M', '2000-12-15'),
(96, 'Cliente 96', 25, 'F', '2001-01-16'),
(97, 'Cliente 97', 24, 'M', '2002-02-17'),
(98, 'Cliente 98', 23, 'F', '2003-03-18'),
(99, 'Cliente 99', 22, 'M', '2004-04-19'),
(100, 'Cliente 100', 46, 'F', '1980-05-20');

INSERT INTO vendedor (id, nome, causa_social, tipo, nota_media, id_cargo) VALUES
(1, 'Aquashop Recife', 'Aquashop Recife LTDA', 'Pessoa Juridica', 4.80, 4),
(2, 'Mundo dos Peixes', 'Mundo dos Peixes LTDA', 'Pessoa Juridica', 4.60, 3),
(3, 'Casa do Aquario', 'Casa do Aquario LTDA', 'Pessoa Juridica', 4.70, 3),
(4, 'Reef Store', 'Reef Store LTDA', 'Pessoa Juridica', 4.90, 4),
(5, 'Aqua Norte', 'Aqua Norte LTDA', 'Pessoa Juridica', 4.50, 2);

INSERT INTO transportadora (id, nome, cidade) VALUES
(1, 'Entrega Azul', 'Recife'),
(2, 'Rota Marinha', 'Olinda'),
(3, 'TransAqua', 'Jaboatao'),
(4, 'Peixe Express', 'Paulista'),
(5, 'Nordeste Cargas', 'Caruaru');

INSERT INTO produto (id, nome, descricao, quantidade_estoque, valor, observacoes, id_vendedor) VALUES
(1, 'Aquario 40L', 'Produto para aquarismo', 21, 27.50, 'Produto cadastrado inicialmente', 1),
(2, 'Filtro Externo', 'Produto para aquarismo', 22, 40.00, 'Produto cadastrado inicialmente', 2),
(3, 'Racao Tropical', 'Produto para aquarismo', 23, 52.50, 'Produto cadastrado inicialmente', 3),
(4, 'Termostato 100W', 'Produto para aquarismo', 24, 65.00, 'Produto cadastrado inicialmente', 4),
(5, 'Cascalho Natural', 'Produto para aquarismo', 25, 77.50, 'Produto cadastrado inicialmente', 5),
(6, 'Planta Artificial', 'Produto para aquarismo', 26, 90.00, 'Produto cadastrado inicialmente', 1),
(7, 'Bomba Submersa', 'Produto para aquarismo', 27, 102.50, 'Produto cadastrado inicialmente', 2),
(8, 'Condicionador de Agua', 'Produto para aquarismo', 28, 115.00, 'Produto cadastrado inicialmente', 3),
(9, 'Teste de pH', 'Produto para aquarismo', 29, 127.50, 'Produto cadastrado inicialmente', 4),
(10, 'Luminaria LED', 'Produto para aquarismo', 30, 140.00, 'Produto cadastrado inicialmente', 5),
(11, 'Rede para Peixes', 'Produto para aquarismo', 31, 152.50, 'Produto cadastrado inicialmente', 1),
(12, 'Sifao Limpador', 'Produto para aquarismo', 32, 165.00, 'Produto cadastrado inicialmente', 2),
(13, 'Enfeite Castelo', 'Produto para aquarismo', 33, 177.50, 'Produto cadastrado inicialmente', 3),
(14, 'Compressor de Ar', 'Produto para aquarismo', 34, 190.00, 'Produto cadastrado inicialmente', 4),
(15, 'Mangueira Silicone', 'Produto para aquarismo', 35, 202.50, 'Produto cadastrado inicialmente', 5),
(16, 'Pedra Porosa', 'Produto para aquarismo', 36, 215.00, 'Produto cadastrado inicialmente', 1),
(17, 'Aquario 80L', 'Produto para aquarismo', 37, 227.50, 'Produto cadastrado inicialmente', 2),
(18, 'Racao Betta', 'Produto para aquarismo', 38, 240.00, 'Produto cadastrado inicialmente', 3),
(19, 'Filtro Interno', 'Produto para aquarismo', 39, 252.50, 'Produto cadastrado inicialmente', 4),
(20, 'Substrato Fertil', 'Produto para aquarismo', 40, 265.00, 'Produto cadastrado inicialmente', 5);